{
    "faces":[35,1,0,22,23,1,0,0,0,0,35,20,18,19,21,1,1,1,1,1,35,0,1,20,21,1,2,2,2,2,35,1,23,18,20,1,3,3,3,3,35,22,0,21,19,1,4,4,4,4,35,23,22,19,18,1,5,5,5,5,35,11,17,12,14,1,6,6,6,6,35,16,17,11,10,1,7,7,7,7,35,13,15,14,12,1,8,8,8,8,35,10,11,14,15,1,9,9,9,9,35,17,16,13,12,1,10,10,10,10,35,16,10,15,13,1,11,11,11,11,35,2,3,6,7,1,12,12,12,12,35,8,2,7,5,1,13,13,13,13,35,3,9,4,6,1,14,14,14,14,35,6,4,5,7,1,15,15,15,15,35,9,8,5,4,1,16,16,16,16,35,3,2,8,9,1,17,17,17,17],
    "uvs":[],
    "metadata":{
        "generator":"io_three",
        "materials":3,
        "version":3,
        "normals":18,
        "type":"Geometry",
        "faces":18,
        "uvs":0,
        "vertices":24
    },
    "normals":[1,0.000268667,-0.000587617,-1,0.000249738,-0.00036648,-1.38955e-05,0.536707,-0.843769,-2.89924e-05,-0.288904,-0.957358,1.74766e-05,0.0105104,0.999945,7.9922e-06,-0.96778,0.251796,-0.865986,0.0105103,-0.499957,-0.499491,0.000268697,0.866319,0.500317,0.000249629,-0.865842,-0.218065,-0.96778,-0.125891,0.730732,0.536707,0.421872,0.829111,-0.288904,0.478654,-0.730718,0.536707,0.421896,0.865969,0.0105103,-0.499988,-0.829082,-0.288904,0.478704,0.499683,0.000249629,0.866209,0.218058,-0.967781,-0.125904,-0.500509,0.000268625,-0.865731],
    "materials":[{
        "doubleSided":false,
        "depthTest":true,
        "colorEmissive":[0,0,0],
        "specularCoef":50,
        "shading":"phong",
        "transparent":false,
        "visible":true,
        "DbgName":"Material.002",
        "DbgColor":15658734,
        "blending":1,
        "colorDiffuse":[0.8,0.8,0.8],
        "depthWrite":true,
        "colorSpecular":[0.5,0.5,0.5],
        "wireframe":false,
        "DbgIndex":0,
        "opacity":1
    },{
        "doubleSided":false,
        "depthTest":true,
        "colorEmissive":[0,0,0],
        "specularCoef":50,
        "shading":"phong",
        "transparent":false,
        "visible":true,
        "DbgName":"Material.003",
        "DbgColor":15597568,
        "blending":1,
        "colorDiffuse":[0.64,0.555552,0.419984],
        "depthWrite":true,
        "colorSpecular":[0.5,0.5,0.5],
        "wireframe":false,
        "DbgIndex":1,
        "opacity":1
    },{
        "doubleSided":false,
        "depthTest":true,
        "colorEmissive":[0,0,0],
        "specularCoef":50,
        "shading":"phong",
        "transparent":false,
        "visible":true,
        "DbgName":"Material.004",
        "DbgColor":60928,
        "blending":1,
        "colorDiffuse":[0.00509603,0.00509603,0.00509603],
        "depthWrite":true,
        "colorSpecular":[0.5,0.5,0.5],
        "wireframe":false,
        "DbgIndex":2,
        "opacity":1
    }],
    "vertices":[0.055036,-5.22262,-0.537956,0.0573756,-7.45833,-1.96005,-0.493402,-5.22262,0.221316,-1.72614,-7.45833,0.930338,-1.545,-7.94065,0.952979,-0.416359,-7.60201,0.304736,-1.66987,-7.45833,1.0278,-0.439588,-5.22262,0.314524,-0.473359,-7.60201,0.206016,-1.59891,-7.94065,0.859606,1.5439,-7.94065,0.954897,0.415094,-7.60201,0.306933,0.49218,-5.22262,0.223432,1.72504,-7.45833,0.932253,0.472088,-7.60201,0.20821,1.5978,-7.94065,0.861522,1.66877,-7.45833,1.02972,0.438366,-5.22262,0.316641,-0.052803,-7.94065,-1.8145,-0.0557298,-7.60201,-0.512945,-0.0551635,-7.45833,-1.96005,-0.052592,-5.22262,-0.537956,0.0582646,-7.60201,-0.512948,0.0550162,-7.94065,-1.8145]
}