{
    "faces":[35,1,0,22,23,1,0,0,0,0,35,20,18,19,21,1,1,1,1,1,35,0,1,20,21,1,2,2,2,2,35,1,23,18,20,1,3,3,3,3,35,22,0,21,19,1,4,4,4,4,35,23,22,19,18,1,5,5,5,5,35,16,17,11,10,1,6,6,6,6,35,13,15,14,12,1,7,7,7,7,35,17,16,13,12,1,8,8,8,8,35,16,10,15,13,1,9,9,9,9,35,11,17,12,14,1,10,10,10,10,35,10,11,14,15,1,11,11,11,11,35,3,2,8,9,1,12,12,12,12,35,6,4,5,7,1,13,13,13,13,35,2,3,6,7,1,14,14,14,14,35,3,9,4,6,1,15,15,15,15,35,8,2,7,5,1,16,16,16,16,35,9,8,5,4,1,17,17,17,17],
    "uvs":[],
    "metadata":{
        "generator":"io_three",
        "materials":3,
        "version":3,
        "normals":18,
        "type":"Geometry",
        "faces":18,
        "uvs":0,
        "vertices":24
    },
    "normals":[0.999998,0.000168607,-0.0018199,-0.999999,0.000147848,-0.00159329,0,0.529029,-0.848604,0,-0.276644,-0.960973,0,0.00199707,0.999998,0,-0.967273,0.253737,-0.492719,0.000787478,0.870188,0.49572,-0.000467363,-0.868482,0.736605,0.525882,0.425279,0.832227,-0.276643,0.480486,-0.866025,7.92966e-05,-0.5,-0.222361,-0.966475,-0.12838,-0.49582,-0.000456963,-0.868425,0.492819,0.000777041,0.870132,-0.736594,0.5259,0.425273,-0.832227,-0.276643,0.480486,0.866025,9.02351e-05,-0.5,0.222346,-0.96648,-0.128372],
    "materials":[{
        "doubleSided":false,
        "depthTest":true,
        "colorEmissive":[0,0,0],
        "specularCoef":50,
        "shading":"phong",
        "transparent":false,
        "visible":true,
        "DbgName":"Material.002",
        "DbgColor":15658734,
        "blending":1,
        "colorDiffuse":[0.8,0.8,0.8],
        "depthWrite":true,
        "colorSpecular":[0.5,0.5,0.5],
        "wireframe":false,
        "DbgIndex":0,
        "opacity":1
    },{
        "doubleSided":false,
        "depthTest":true,
        "colorEmissive":[0,0,0],
        "specularCoef":50,
        "shading":"phong",
        "transparent":false,
        "visible":true,
        "DbgName":"Material.003",
        "DbgColor":15597568,
        "blending":1,
        "colorDiffuse":[0.64,0.555552,0.419984],
        "depthWrite":true,
        "colorSpecular":[0.5,0.5,0.5],
        "wireframe":false,
        "DbgIndex":1,
        "opacity":1
    },{
        "doubleSided":false,
        "depthTest":true,
        "colorEmissive":[0,0,0],
        "specularCoef":50,
        "shading":"phong",
        "transparent":false,
        "visible":true,
        "DbgName":"Material.004",
        "DbgColor":60928,
        "blending":1,
        "colorDiffuse":[0.00509603,0.00509603,0.00509603],
        "depthWrite":true,
        "colorSpecular":[0.5,0.5,0.5],
        "wireframe":false,
        "DbgIndex":2,
        "opacity":1
    }],
    "vertices":[0.027928,-5.26303,-0.517704,0.0261081,-7.46372,-1.88964,-0.468755,-5.26303,0.245961,-1.64953,-7.46372,0.922211,-1.51447,-7.9052,0.901966,-0.44027,-7.57743,0.29488,-1.62453,-7.46372,0.965512,-0.442048,-5.26303,0.292218,-0.467638,-7.57743,0.247478,-1.53947,-7.9052,0.858665,1.51336,-7.9052,0.903886,0.439162,-7.57743,0.29698,0.467647,-5.26303,0.248011,1.64842,-7.46372,0.92413,0.46653,-7.57743,0.249579,1.53836,-7.9052,0.860584,1.62342,-7.46372,0.967431,0.44094,-5.26303,0.294268,-0.023892,-7.9052,-1.76255,-0.0261021,-7.57743,-0.513082,-0.023892,-7.46372,-1.88964,-0.0254848,-5.26303,-0.517704,0.0286324,-7.57743,-0.513082,0.0261079,-7.9052,-1.76255]
}